Object_ID,Object_Type,Material_Category,Origin_Name,Origin_Lat,Origin_Lon,Dest_Name,Dest_Lat,Dest_Lon,Prod_Start,Prod_End,Arrival_TAQ,Collection_Node,Historical_Evidence,Source_URL,Image_URL,Data_Status,Certainty_Score,Social_Life,Acquisition_Year_Historical,TAQ_Source
Franks.251.+,Wine-pot,Porcelain (Turquoise),"Jingdezhen, CN",29.2925,117.2023,"London, UK",51.5072,-0.1276,1662,1722,1753,British Museum,Bequeathed by Sir Hans Sloane (d. 1753).,https://www.britishmuseum.org/collection/object/A_Franks-251-,https://media.britishmuseum.org/media/Repository/Documents/2014_10/1_7/db89c2b8_507b_4b7c_ac4a_a3b70083b982/mid_00039299_001.jpg,Extant,2,Scientific Curiosity,,Historical
SLMisc.1057,Incense-burner,Arita ware (Japan),"Hizen, JP",33.186,129.8824,"London, UK",51.5072,-0.1276,1655,1679,1753,British Museum,Sloane via Daniel van Mildert (VOC network).,https://www.britishmuseum.org/collection/object/A_SLMisc-1057,https://media.britishmuseum.org/media/Repository/Documents/2014_10/8_22/da55e64e_d07c_4e53_a706_a3be01712f2c/mid_00475946_001.jpg,Extant,2,Scientific Curiosity,,Historical
AK-MAK-579,Kraak Bowl,Porcelain (Blue & White),"Jingdezhen, CN",29.2925,117.2023,"Amsterdam, NL",52.3676,4.9041,1600,1624,1624,Rijksmuseum,Kraak typology confirms maritime export.,https://id.rijksmuseum.nl/200106538,"https://iiif.micr.io/nUbGV/full/%5E320,/0/default.webp",Extant,1,Commercial Commodity,1941,Institutional (corrected to Prod_End)
Christies_Dragoon_Sea,Monumental Soldier Vase,Porcelain (Blue & White),"Jingdezhen, CN",29.2925,117.2023,"Oranienburg, DE",52.7533,13.2366,1662,1717,1717,Prussian Royal Collection,Maritime import before the 1717 exchange.,https://www.christies.com/en/lot/lot-6453621,https://www.christies.com/img/LotImages/2023/CKS/2023_CKS_21052_0008_000(a_pair_of_chinese_blue_and_white_soldier_vases_and_covers_qing_dynasty070207).jpg?maxwidth=2020&maxheight=1300,Extant,1,Aristocratic Collection,,Historical
Christies_Dragoon_Land,Monumental Soldier Vase,Porcelain (Blue & White),"Oranienburg, DE",52.7533,13.2366,"Dresden, DE",51.0504,13.7373,1662,1717,1717,SKD Dresden,1717 Diplomatic Exchange (600 soldiers for vases).,https://www.christies.com/en/lot/lot-6453621,https://www.christies.com/img/LotImages/2023/CKS/2023_CKS_21052_0008_000(a_pair_of_chinese_blue_and_white_soldier_vases_and_covers_qing_dynasty070207).jpg?maxwidth=2020&maxheight=1300,Extant,2,Diplomatic Currency,,Historical
NG-1977-113-W,Kraak Bowl,Porcelain,"Jingdezhen, CN",29.2925,117.2023,Saint Helena (Shipwreck),-15.965,-5.7089,1573,1613,1613,Rijksmuseum,Recovered from VOC ship 'Witte Leeuw' (sank 1613).,https://id.rijksmuseum.nl/20073581,"https://iiif.micr.io/yVDad/full/%5E830,/0/default.webp",Extant,1,Commercial / Collection,,Historical
NG-1977-117-W,Pot (Jar),Porcelain,"Jingdezhen, CN",29.2925,117.2023,Saint Helena (Shipwreck),-15.965,-5.7089,1573,1613,1613,Rijksmuseum,Recovered from VOC ship 'Witte Leeuw' (sank 1613).,https://id.rijksmuseum.nl/20028393,"https://iiif.micr.io/kdnqi/full/%5E600,/0/default.webp",Extant,1,Commercial / Collection,,Historical
NG-1977-115-W,Perzische fles (Flask),Kraakporselein (Porcelain),"Jingdezhen, CN",29.2925,117.2023,Saint Helena (Shipwreck),-15.965,-5.7089,1573,1613,1613,Rijksmuseum,Recovered from VOC ship 'Witte Leeuw' (sank 1613).,https://id.rijksmuseum.nl/20028387,"https://iiif.micr.io/DWkAG/full/%5E600,/0/default.webp",Extant,1,Commercial / Collection,,Historical
NG-1977-114-W,Vaas (Swatow),Porselein (Swatow ware),"Swatow (Zhangzhou), CN",24.3619,117.3113,Saint Helena (Shipwreck),-15.965,-5.7089,1573,1613,1613,Rijksmuseum,Recovered from VOC ship 'Witte Leeuw' (sank 1613).,https://id.rijksmuseum.nl/20028432,"https://iiif.micr.io/MUvrp/full/%5E600,/0/default.webp",Extant,1,Commercial / Collection,,Historical
NG-1977-118-W,Wijnbeker (Wine cup in iron),Porselein & IJzer,"Jingdezhen, CN",29.2925,117.2023,Saint Helena (Shipwreck),-15.965,-5.7089,1573,1613,1613,Rijksmuseum,Recovered from VOC ship 'Witte Leeuw' (sank 1613). Cup fused with iron.,https://id.rijksmuseum.nl/200109511,"https://iiif.micr.io/lzXeM/full/%5E600,/0/default.webp",Extant,1,Commercial / Collection,,Historical
NG-1977-178-W,Wine jug,Stoneware,"Siegburg, DE",50.7981,7.2078,Saint Helena (Shipwreck),-15.965,-5.7089,1585,1585,1613,Rijksmuseum,"Stoneware jug from VOC ship 'Witte Leeuw', dated 1585.",https://id.rijksmuseum.nl/20071229,"https://iiif.micr.io/dXuuM/full/%5E600,/0/default.webp",Contextual,1,Maritime Provisions,,Historical
NG-1977-179-W,Bearded man jug,Stoneware,"Rhineland, DE",50.7981,7.2078,Saint Helena (Shipwreck),-15.965,-5.7089,1599,1599,1613,Rijksmuseum,"Stoneware jug from VOC ship 'Witte Leeuw', dated 1599. Features a bearded man relief on the neck and medallions on the body.",https://id.rijksmuseum.nl/20071230,"https://iiif.micr.io/hrCrt/full/%5E600,/0/default.webp",Contextual,1,Maritime Provisions,,Historical
NG-1977-167-W,Plate,Porcelain (Blue & White),"Jingdezhen, CN",29.2925,117.2023,Saint Helena (Shipwreck),-15.965,-5.7089,1573,1613,1613,Rijksmuseum,"Blue and white porcelain plate from VOC ship 'Witte Leeuw', Wanli period.",https://id.rijksmuseum.nl/20015810,"https://iiif.micr.io/hFQjH/full/%5E600,/0/default.webp",Extant,1,Maritime History,,Historical
NG-1977-183-W,Bottle,Stoneware,Southeast Asia,15.87,100.9925,Saint Helena (Shipwreck),-15.965,-5.7089,1550,1613,1613,Rijksmuseum,"Stoneware jar with loop handles from VOC ship 'Witte Leeuw', Southeast Asian origin.",https://id.rijksmuseum.nl/20073616,"https://iiif.micr.io/NaySh/full/%5E600,/0/default.webp",Contextual,1,Maritime Provisions,,Historical
NG-1977-200-W,Martavan,Stoneware,South China,23.1291,113.2644,Saint Helena (Shipwreck),-15.965,-5.7089,1600,1613,1613,Rijksmuseum,"Stoneware martavan (storage jar) from VOC ship 'Witte Leeuw', South China origin.",https://id.rijksmuseum.nl/200467658,"https://iiif.micr.io/kCxkp/full/%5E600,/0/default.webp",Contextual,1,Maritime Provisions,,Historical
NG-1978-127-1-AW,Dish fragment,Porcelain (Kraak),"Jingdezhen, CN",29.2925,117.2023,Saint Helena (Shipwreck),-15.965,-5.7089,1573,1613,1613,Rijksmuseum,"Kraak porcelain ewer dish fragment from VOC ship 'Witte Leeuw', Wanli period.",https://id.rijksmuseum.nl/20029080,"https://iiif.micr.io/fjuLy/full/%5E600,/0/default.webp",Extant,1,Commercial Commodity,,Historical
SLMisc.1058,Tiered box (Fragment),Porcelain (Arita ware),"Hizen, JP",33.185,129.88,"London, UK (British Museum)",51.5194,-0.127,1655,1679,1753,British Museum,"Sloane 'Miscellanea' cat: ""1058. Nests of China earthen ware boxes blew & white..."". Acquired from Daniel van Mildert.",https://www.britishmuseum.org/collection/object/A_SLMisc-1058,https://media.britishmuseum.org/media/Repository/Documents/2014_10/9_6/54316989_09fb_4771_bef9_a3bf006f49dd/mid_00482636_001.jpg,Extant,1,Scientific Curiosity,,Historical
Franks.88.+,Figure (Luohan),Unglazed Porcelain,"Zhejiang, CN",29,119.5,"London, UK (British Museum)",51.5194,-0.127,1662,1722,1753,British Museum,Figure (luohan). Unglazed porcelain. Mark: Jiang Mingao zao. Bequeathed by Sir Hans Sloane.,https://www.britishmuseum.org/collection/object/A_Franks-88-,https://media.britishmuseum.org/media/Repository/Documents/2024_1/11_10/a6d6b9c6_2b9b_4d30_8df5_b0f400b4e960/mid_IMG_0962.jpg,Extant,1,Scientific Curiosity,,Historical
SLMisc.1241,Water-dropper (Peach shape),Porcelain,"Jingdezhen, CN",29.2925,117.2023,"London, UK (British Museum)",51.5194,-0.127,1600,1699,1753,British Museum,"Sloane cat: ""1241. China ware made into the form of a Melongena."" (A peach-shaped water dropper misidentified as an eggplant).",https://www.britishmuseum.org/collection/object/A_SLMisc-1241,https://media.britishmuseum.org/media/Repository/Documents/2023_12/6_12/68852371_c461_45cc_af6e_b0d000d1999a/mid_SLMisc_1241_also_known_as_OA__7038.jpg,Extant,1,Scientific Curiosity,,Historical
SLMisc.1059,Lidded box,Porcelain (Imari ware),"Arita, JP",33.185,129.88,"London, UK (British Museum)",51.5194,-0.127,1651,1700,1753,British Museum,"Sloane cat: ""1059. The same."" Imari ware (underglaze blue & overglaze red). Acquired from Daniel van Mildert.",https://www.britishmuseum.org/collection/object/A_SLMisc-1059,https://media.britishmuseum.org/media/Repository/Documents/2014_10/6_9/e21ab2d4_e959_47c4_b735_a3bc00a02cb6/mid_00400892_001.jpg,Extant,1,Scientific Curiosity,,Historical
SLMisc.922,Figure (Phoenix with hidden box),Enamelled Porcelain,"Jingdezhen, CN",29.2925,117.2023,"London, UK (British Museum)",51.5194,-0.127,1662,1722,1753,British Museum,Sloane cat: Phoenix figures. Under each bird is a box inside which are two small figures making love.,https://www.britishmuseum.org/collection/object/A_SLMisc-922,https://media.britishmuseum.org/media/Repository/Documents/2014_9/29_20/35fefcdd_9da3_4a69_8b18_a3b5014ccc19/mid_00163139_001.jpg,Extant,1,Scientific Curiosity,,Historical
OR 966,Vase with lid,Porcelain (Kakiemon style),"Arita, JP",33.185,129.88,"Vienna, AT (MAK)",48.2074,16.3815,1600,1699,1699,MAK Vienna,"Vase with lid. 17th century Arita ware, overglaze enamel painting in Kakiemon style.",https://sammlung.mak.at/en/collect/vase-with-lid_46124,https://mak-media.azureedge.net/xl/e34849007c0edd0938d72a2445c9a3f6.jpg,Extant,1,Commercial / Collection,1907,Institutional (corrected to Prod_End)
KE 8072,Lidded jar,Porcelain (Kakiemon style),"Saga (Arita), JP",33.185,129.88,"Vienna, AT (MAK)",48.2074,16.3815,1666,1699,1699,MAK Vienna,"17th c. Arita ware, overglaze enamel in Kakiemon style. Exported to adorn European palaces.",https://sammlung.mak.at/en/collect/lidded-jar_46146,https://mak-media.azureedge.net/xl/eb95c7efaa01fcb1093165ae7fde1bfd.jpg,Extant,1,Commercial / Collection,1948,Institutional (corrected to Prod_End)
KE 3506,Dish,Kraak porcelain,"Jingdezhen, CN",29.2925,117.2023,"Vienna, AT (MAK)",48.2074,16.3815,1573,1619,1619,MAK Vienna,Wanli period (1573-1619) Kraak porcelain dish. Cobalt blue underglaze. Acquired 1888.,https://sammlung.mak.at/en/collect/dish_49377,https://mak-media.azureedge.net/xl/c0270524bdca0e865786466ea52d6479.jpg,Extant,1,Commercial / Collection,1888,Institutional (corrected to Prod_End)
KE 3891,Pot,Porcelain / Gilt Bronze,"Arita, JP",33.185,129.88,"Vienna, AT (MAK)",48.2074,16.3815,1667,1699,1699,MAK Vienna,Late 17th-century Arita porcelain (underglaze cobalt blue) with European gilt bronze mounting. Acquired 1894.,https://sammlung.mak.at/en/collect/pot-with-european-mounting_45779,https://mak-media.azureedge.net/xl/4002bfa64b52a9f66d41b85dae97340e.jpg,Extant,1,Commercial / Collection,1894,Institutional (corrected to Prod_End)
OR 620,Covered jar (Export),Porcelain (Underglaze blue),"Jingdezhen, CN",29.2925,117.2023,"Vienna, AT (MAK)",48.2074,16.3815,1662,1722,1722,MAK Vienna,Kangxi period (1662-1722) porcelain jar with underglaze cobalt blue. From Handelsmuseum collection.,https://sammlung.mak.at/en/collect/covered-jar-for-export_47989,https://mak-media.azureedge.net/xl/8d707cf630d122932fb83e2e44ec8cf7.jpg,Extant,1,Commercial / Collection,1907,Institutional (corrected to Prod_End)
KE 1973,Covered jar (European mounting),Porcelain / Gilt Brass,"Jingdezhen, CN",29.2925,117.2023,"Vienna, AT (MAK)",48.2074,16.3815,1662,1722,1722,MAK Vienna,Kangxi period (ca. 1700) export porcelain jar with underglaze cobalt blue and European gilt brass mounting. Forms a pair with OR 620.,https://sammlung.mak.at/en/collect/covered-jar-with-european-mounting_47988,https://mak-media.azureedge.net/xl/34ea44e2ce3629d102794b289c2e8166.jpg,Extant,1,Commercial / Collection,1872,Institutional (corrected to Prod_End)
KE 1377,Plate (Dresden collection mark),Porcelain (Underglaze blue),"Jingdezhen, CN",29.2925,117.2023,"Vienna, AT (MAK)",48.2074,16.3815,1662,1722,1733,MAK Vienna,Kangxi period porcelain plate with engraved Dresden collection mark (N:482) of Elector August the Strong. Acquired by MAK in 1868 via duplicate sales from the Japanese Palace.,https://sammlung.mak.at/en/collect/plate-with-engraved-base-mark-of-the-dresden-collection-of-the-elector-august-of-saxony_48134,https://mak-media.azureedge.net/xl/3ce9b1b9564f39a61caa778e4884dfab.jpg,Extant,1,Commercial / Collection,1868,"Institutional (corrected: documented Dresden provenance, Augustus the Strong, d.1733)"
KE 8719,Pot,Porcelain (Underglaze blue),"Jingdezhen, CN",29.2925,117.2023,"Vienna, AT (MAK)",48.2074,16.3815,1522,1566,1566,MAK Vienna,Jiajing period (1522-1566) porcelain pot with underglaze cobalt blue. From Exner collection.,https://sammlung.mak.at/en/collect/pot_49530,https://mak-media.azureedge.net/xl/529cccf8ed9dc7ed6319db6a48fa1441.jpg,Extant,1,Commercial / Collection,1948,Institutional (corrected to Prod_End)
KE 8812,Bowl (Shop mark),Porcelain (Egg-and-spinach glaze),"Jingdezhen, CN",29.2925,117.2023,"Vienna, AT (MAK)",48.2074,16.3815,1662,1722,1722,MAK Vienna,Kangxi period (1662-1722) porcelain bowl with three-color spotted glaze (egg-and-spinach). Exner collection.,https://sammlung.mak.at/en/collect/bowl-with-undefined-seal-base-mark-so-called-shop-mark_49139,https://mak-media.azureedge.net/xl/2112a155971b504a7072eb3f499604b5.jpg,Extant,1,Commercial / Collection,1948,Institutional (corrected to Prod_End)
A247,Dish (Kraak),Kraak porcelain,"Jingdezhen, CN",29.2925,117.2023,"Prague, CZ (Náprstek Museum)",50.084,14.4167,1573,1644,1644,Náprstek Museum,"Ming Dynasty export porcelain, so-called kraak with typical decor.",https://www.esbirky.cz/predmet/9509101,https://media.esbirky.cz/predmet/9509101/subject-image/b4c00460bdf260ee25ed2cb5739792b8.jpg?w=1920,Extant,1,Commercial / Collection,1862,Institutional (corrected to Prod_End)
GHOST_001,Munich Residenz Early Inventory,Unknown,Unknown,,,"Munich, DE",48.1411,11.5781,1550,1700,1700,Munich Residenz,Email from Dr. Quaeitzsch: Early inventories not digitized. Provenance/acquisition info consistently missing.,https://www.residenz-muenchen.de/englisch/museum/ostasien.htm,https://www.residenz-muenchen.de/bilder/museum/slider_ostasien/schreibzeugDE002104-575.jpg,Structural_Silence,1,Aristocratic Collection,,Historical
Lorient_2002.2.1,Bowl (European-style),Porcelain (Famille Verte),"Jingdezhen, CN",29.2925,117.2023,"Lorient, FR",47.7055,-3.3556,1700,1720,1720,"Museum of the East India Company, Lorient",European shape borrowed from French silversmithing (wedding/bouillon bowl).,https://pop.culture.gouv.fr/notice/joconde/M0224000842,https://pop.culture.gouv.fr/_next/image?url=https%3A%2F%2Fpopcorn-prd-perf-assets.s3.gra.io.cloud.ovh.net%2Fjoconde%2FM0224000842%2F000175.jpg&w=3840&q=75,Extant,1,Commercial Commodity,,Historical
Pitti_1134,Blue and white cup,Porcelain (Blue & White),"Jingdezhen, CN",29.2925,117.2023,"Florence, IT",43.765,11.25,1585,1610,1610,Pitti Palace,Medici Gift (Secondary Diplomatic Circulation) - Inventory: 1134 / Argenti con estimo,https://www.uffizi.it/en/artworks/cup,https://www.datocms-assets.com/103094/1688661181-1562140711867649-2.jpg?auto=format%2Ccompress&cs=srgb&max-w=800,Extant,1,Aristocratic Collection,,Historical
Lorient_2017.11.1,Imari dish with bamboo,Porcelain (Imari),"Arita, JP",33.185,129.88,"Port Louis, FR",47.7055,-3.3556,1700,1720,1720,Museum of the East India Company,18th-century Imari ware. Donation from the Friends of the Museum Association.,https://pop.culture.gouv.fr/notice/joconde/M0224002225,https://pop.culture.gouv.fr/_next/image?url=https%3A%2F%2Fpopcorn-prd-perf-assets.s3.gra.io.cloud.ovh.net%2Fjoconde%2FM0224002225%2F004508.jpg&w=3840&q=75,Extant,1,Aristocratic Collection,2017,Institutional (corrected to Prod_End)
MAK_10643,Saucer,Porcelain (Dehua),"Dehua, CN",25.4947,118.2439,"Frankfurt, DE",50.1109,8.6821,1690,1710,1721,"Museum für Angewandte Kunst, Frankfurt","Palace Number N 83 [Triangle], Dresden Inventory 1721 (p. 242).",https://doi.org/10.58749/skd.ps.2024.rpc.c1.4561080,https://royalporcelaincollection.skd.museum/api/api/Thumbnail/imageLarge/2752408,Extant,1,Aristocratic Collection,,Historical
V_19456,Bottle,Porcelain (Blue & White),"Jingdezhen, CN",29.2925,117.2023,"Karlsruhe, DE",49.0069,8.4037,1690,1710,1721,Badisches Landesmuseum,"Palace Number N 153 [Zigzag line], Dresden Inventory 1721 (p. 379). Restituted 2020.",https://doi.org/10.58749/skd.ps.2024.rpc.c1.5299023,https://royalporcelaincollection.skd.museum/api/api/Thumbnail/imageLarge/3257906,Extant,1,Aristocratic Collection,,Historical
Franks.530.+,Chocolate cup,Porcelain (Dehua),"Dehua, CN",25.4947,118.2439,"London, UK",51.5072,-0.1276,1690,1710,1721,British Museum,"Palace Number N 92 [Arrow], Dresden Inventory 1721 (p. 794). Sold to A.W. Franks by Dr. Gustav Klemm.",https://doi.org/10.58749/skd.ps.2024.rpc.c1.4561532,https://royalporcelaincollection.skd.museum/api/api/Thumbnail/imageLarge/3428680,Extant,1,Aristocratic Collection,,Historical
MET_2000.162.1,Bowl,Porcelain (Kangxi),"Jingdezhen, CN",29.2925,117.2023,"New York, USA",40.7128,-74.006,1700,1720,1779,"Metropolitan Museum of Art, New York","Palace Number N 167, Dresden Inventory 1779 (fol. 52v). Gift of Henry H. Arnhold.",https://doi.org/10.58749/skd.ps.2024.rpc.c1.4561196,https://royalporcelaincollection.skd.museum/api/api/Thumbnail/image/2752499,Extant,1,Aristocratic Collection,,Historical
MET_79.2.1161,Bowl,Porcelain (Japanese),"Arita, JP",33.185,129.88,"New York, USA",40.7128,-74.006,1690,1710,1721,"Metropolitan Museum of Art, New York","Palace Number N 51 [Cross], Dresden Inventory 1721 (p. 118). Purchased by MMA in 1879.",https://doi.org/10.58749/skd.ps.2024.rpc.c1.4561350,https://royalporcelaincollection.skd.museum/api/api/Thumbnail/image/2752549,Extant,1,Aristocratic Collection,,Historical
SKD_PO3974,Canister,Stoneware (Yixing),"Yixing, CN",31.3625,119.8217,"Dresden, DE",51.0504,13.7373,1690,1720,1721,Royal Porcelain Collection Dresden (Historical),Palace Number: Not extant. Reference: SKD RPC 2024 (ID: 123347).,https://doi.org/10.58749/skd.ps.2024.rpc.c1.123347,https://royalporcelaincollection.skd.museum/api/api/Thumbnail/imageLarge/2973909.jpg,Documented_Loss,1,Aristocratic Collection,,Historical
Lorient_2016.9.1,Tea caddy (quadrilobed),Lacquered wood & Tin,"Canton, CN",23.1291,113.2644,"Lorient, FR",47.7055,-3.3556,1750,1750,1772,"Museum of the East India Company, Lorient","Tea box with Indian men. Reference to East India Company trade registers (1741, 1772).",https://pop.culture.gouv.fr/notice/joconde/M0224002211,https://pop.culture.gouv.fr/_next/image?url=https%3A%2F%2Fpopcorn-prd-perf-assets.s3.gra.io.cloud.ovh.net%2Fjoconde%2FM0224002211%2F008176.jpg&w=3840&q=75,Contextual,1,Commercial Commodity,,Historical
Pitti_1911.1933,Plate,Porcelain (Famille Rose),"Canton, CN",23.1291,113.2644,"Florence, IT",43.7696,11.2558,1736,1795,1795,"Pitti Palace, Florence","Plate with three figures and a small dog. Famille Rose, Qianlong period.",https://www.uffizi.it/en/artworks/chinese-plate-with-three-figures-and-a-small-dog#characteristics,https://www.datocms-assets.com/103094/1688661724-1562334005417064-4-1933-oda.jpg?auto=format%2Ccompress&cs=srgb&max-w=800,Extant,1,Aristocratic Collection,1911,Institutional (corrected to Prod_End)
Lorient_C125,Plate (Decorated),Porcelain (Famille Rose/Grisaille),"Jingdezhen, CN",29.2925,117.2023,"Lorient, FR",47.7055,-3.3556,1736,1795,1795,"Museum of the East India Company, Lorient",Plate inspired by Larmessin engraving (La Fontaine fable). Famille Rose/Grisaille.,https://pop.culture.gouv.fr/notice/joconde/M0224000093,https://pop.culture.gouv.fr/_next/image?url=https%3A%2F%2Fpopcorn-prd-perf-assets.s3.gra.io.cloud.ovh.net%2Fjoconde%2FM0224000093%2FIMG_9482%20WCBDA.jpg&w=3840&q=75,Extant,1,Scientific Curiosity,1984,Institutional (corrected to Prod_End)
Blois_39.5.255,Tea Caddy,Porcelain (Blue & White),"Jingdezhen, CN",29.2925,117.2023,"Blois, FR",47.5833,1.3333,1662,1735,1735,"Castle Museums, Blois","Quadrangular tea caddy, blue and white porcelain, floral motifs.",https://pop.culture.gouv.fr/notice/joconde/M0271003914,https://pop.culture.gouv.fr/_next/image?url=https%3A%2F%2Fpopcorn-prd-perf-assets.s3.gra.io.cloud.ovh.net%2Fjoconde%2FM0271003914%2F033297.jpg&w=3840&q=75,Extant,1,Commercial Commodity,1939,Institutional (corrected to Prod_End)
A_1930-0719-47,Altar-vase (Elephant-head handles),Porcelain (Turquoise glaze),"Jingdezhen, CN",29.2925,117.2023,"London, UK",51.5072,-0.1276,1573,1620,1620,"British Museum, London",Altar-vase with turquoise glaze and elephant-head handles. Ming dynasty (Wanli).,https://www.britishmuseum.org/collection/object/A_1930-0719-47,http://media.britishmuseum.org/media/Repository/Documents/2014_10/4_23/c2bb9434_905e_4aa1_9d24_a3ba017f2718/preview_00272701_001.jpg,Extant,1,Scientific Curiosity,1930,Institutional (corrected to Prod_End)
Lorient_2018.5.2.1,Wallpaper,Wallpaper (Pigment/Wood),"Guangzhou, CN",23.1291,113.2644,"Lorient, FR",47.7055,-3.3556,1770,1790,1790,"Museum of the East India Company, Lorient",Wallpaper panel depicting porcelain manufacturing process.,https://pop.culture.gouv.fr/notice/joconde/M0224002404,https://pop.culture.gouv.fr/_next/image?url=https%3A%2F%2Fpopcorn-prd-perf-assets.s3.gra.io.cloud.ovh.net%2Fjoconde%2FM0224002404%2F008291.jpg&w=3840&q=75,Contextual,1,,2018,"Institutional (corrected to Prod_End; non-porcelain, displayed as low-opacity contextual marker)"
Lorient_ML390C197,Display stand,Porcelain (Grisaille/Gold),"Jingdezhen, CN",29.2925,117.2023,"Lorient, FR",47.7055,-3.3556,1736,1795,1795,"Museum of the East India Company, Lorient","Display stand, marine scene (man and boy gazing at ship), grisaille and gold. Part of a large service (ML 390 C 196-215).",https://pop.culture.gouv.fr/notice/joconde/M0224000124,https://pop.culture.gouv.fr/_next/image?url=https%3A%2F%2Fpopcorn-prd-perf-assets.s3.gra.io.cloud.ovh.net%2Fjoconde%2FM0224000124%2Fb0864.jpg&w=3840&q=75,Extant,1,Commercial Commodity,1988,Institutional (corrected to Prod_End)
Pitti_1911.1863,Plate,Porcelain (Famille Verte),"Jingdezhen, CN",29.2925,117.2023,"Florence, IT",43.7696,11.2558,1662,1722,1722,"Pitti Palace, Florence","Plate decorated with ""Hundred Antiques"" (po-ku). Famille Verte, Kangxi period.",https://www.uffizi.it/en/artworks/plate-decorated-with-some-objects-from-the-the-hundred-antiques,https://www.datocms-assets.com/103094/1688660674-1562138208219370-1.jpg?auto=format%2Ccompress&cs=srgb&max-w=800,Extant,1,Aristocratic Collection,1911,Institutional (corrected to Prod_End)
SKD_PO4959,Bottle,Porcelain (Arita),"Arita, JP",33.185,129.88,"Dresden, DE",51.0504,13.7373,1640,1660,1723,SKD Dresden,"Arita pear-shaped bottle (1640-1660) with underglaze blue, later overglaze red and gold added in Europe. Bought from Count von Flemming in 1723, recorded in Palace Inventory (N 185).",https://doi.org/10.58749/skd.ps.2024.rpc.c1.120137,https://royalporcelaincollection.skd.museum/api/api/Thumbnail/imageLarge/3041768,Extant,1,Aristocratic Collection,,Historical
SKD_PO9091,Charger,Porcelain (Arita),"Arita, JP",33.185,129.88,"Dresden, DE",51.0504,13.7373,1680,1700,1721,SKD Dresden,Arita underglaze blue charger (1680-1700). Recorded in the 1721 Dresden Palace Inventory (N 91 [Zigzag line]).,https://doi.org/10.58749/skd.ps.2024.rpc.c1.221581,https://royalporcelaincollection.skd.museum/api/api/Thumbnail/imageLarge/3312931,Extant,1,Aristocratic Collection,,Historical
SKD_PO5161,Covered bowl,Porcelain (Imari),"Arita, JP",33.185,129.88,"Dresden, DE",51.0504,13.7373,1700,1730,1779,SKD Dresden,Arita Imari kinrande covered bowl (1700-1730) with underglaze blue and overglaze gold. Recorded in the 1779 Dresden Palace Inventory (N 365 [Cross]).,https://doi.org/10.58749/skd.ps.2024.rpc.c1.119624,https://royalporcelaincollection.skd.museum/api/api/Thumbnail/imageLarge/3042503,Extant,1,Aristocratic Collection,,Historical
SKD_PO354,Square bottle,Porcelain (Arita),"Arita, JP",33.185,129.88,"Dresden, DE",51.0504,13.7373,1680,1710,1723,SKD Dresden,Arita square bottle (1680-1710) with later Dutch decoration (1715-1720). Misidentified as Chinese in 1721 inventory. Bought from Frantz Heinrich Konsprucken in 1723.,https://doi.org/10.58749/skd.ps.2024.rpc.c1.131689,https://royalporcelaincollection.skd.museum/api/api/Thumbnail/imageLarge/2923499,Extant,1,Aristocratic Collection,,Historical
SKD_PO5024,Covered jar (Hexagonal),Porcelain (Imari),"Arita, JP",33.185,129.88,"Dresden, DE",51.0504,13.7373,1700,1720,1721,SKD Dresden,"Arita hexagonal covered jar (1700-1720) with Imari kinrande decoration. Misclassified as ""Red Chinese Porcelain"" in 1721 inventory (N 11 [Arrow]).",https://doi.org/10.58749/skd.ps.2024.rpc.c1.118940,https://royalporcelaincollection.skd.museum/api/api/Thumbnail/imageLarge/3042047,Extant,1,Aristocratic Collection,,Historical
SKD_PO3801_Leg1,Birdcage vase,Porcelain (Arita) with Lacquer,"Arita, JP",33.185,129.88,"Nagasaki, JP",32.7503,129.8779,1700,1700,1700,SKD Dresden,Leg 1 (Local Transit): Manufactured in Arita and transported to Nagasaki port for export.,https://doi.org/10.58749/skd.ps.2024.rpc.c1.854957,https://royalporcelaincollection.skd.museum/api/api/Thumbnail/imageLarge/2973123,Extant,1,Aristocratic Collection,,Historical
SKD_PO3801_Leg2,Birdcage vase,Porcelain (Arita) with Lacquer,"Nagasaki, JP",32.7503,129.8779,"Amsterdam, NL",52.3676,4.9041,1700,1700,1716,SKD Dresden,Leg 2 (Maritime Trade): Shipped by VOC from Nagasaki to the Netherlands.,https://doi.org/10.58749/skd.ps.2024.rpc.c1.854957,https://royalporcelaincollection.skd.museum/api/api/Thumbnail/imageLarge/2973124,Extant,1,Aristocratic Collection,,Historical
SKD_PO3801_Leg3,Birdcage vase,Porcelain (Arita) with Lacquer,"Amsterdam, NL",52.3676,4.9041,"Dresden, DE",51.0504,13.7373,1700,1700,1717,SKD Dresden,Leg 3 (European Acquisition): Purchased in the Netherlands 1716-1717 and transported to Dresden for Augustus the Strong. Recorded in 1721 inventory.,https://doi.org/10.58749/skd.ps.2024.rpc.c1.854957,https://royalporcelaincollection.skd.museum/api/api/Thumbnail/imageLarge/2973125,Extant,1,Aristocratic Collection,,Historical
SKD_PO8203,Beaker vase,"Porcelain (Crackled / ""Snake"")","Dehua / Dongxi, CN",25.49,118.24,"Dresden, DE",51.0504,13.7373,1685,1720,1779,SKD Dresden,Beaker vase (1685-1720) with brown crackle. Origin tentative (Dehua or Dongxi). First recorded in the 1779 Dresden Palace Inventory (N 85 [Triangle]).,https://doi.org/10.58749/skd.ps.2024.rpc.c1.129418,https://royalporcelaincollection.skd.museum/api/api/Thumbnail/imageLarge/3308315,Extant,1,Aristocratic Collection,,Historical
SKD_PO8293,Cup (Magnolia),Porcelain (Blanc de Chine),"Dehua, CN",25.49,118.24,"Dresden, DE",51.0504,13.7373,1662,1720,1721,SKD Dresden,"Dehua 'Blanc de Chine' magnolia cup (1662-1720). Cold overpainted with gold in Europe. Palace mark N 43 [Triangle] is no longer visible, but matched to 1721 inventory.",https://doi.org/10.58749/skd.ps.2024.rpc.c1.129977,https://royalporcelaincollection.skd.museum/api/api/Thumbnail/imageLarge/3308721,Extant,1,Aristocratic Collection,,Historical
SKD_PO8604,Figure (Standing lady),Porcelain,"Fujian, CN",26.07,119.3,"Dresden, DE",51.0504,13.7373,1730,1750,1779,SKD Dresden,"Fujian porcelain lady figure (1730-1750). Palace mark N 407 [Zigzag line] not extant. Misidentified as ""Indian"" in 1779 inventory. Similar figures found on Geldermalsen shipwreck (1752).",https://doi.org/10.58749/skd.ps.2024.rpc.c1.133360,https://royalporcelaincollection.skd.museum/api/api/Thumbnail/imageLarge/3310985,Extant,1,Aristocratic Collection,,Historical
